<?xml version="1.0" encoding="UTF-8"?>
<rss version="2.0" xmlns:atom="http://www.w3.org/2005/Atom">
  <channel>
    <title>Eat your fertilizers, you'll grow up soon!</title>
    <description>In the last decades, earth has been teaching us a simple lesson: &quot;Nothing down here is infinite&quot;.  
This pill seems hard to swallow for most agriculture systems, which keep on using more and more fertilizers and dreaming of infinite production.  
Is this sustainable? Probably not.
</description>
    <link>http://localhost:4000/</link>
    <atom:link href="http://localhost:4000/feed.xml" rel="self" type="application/rss+xml"/>
    <pubDate>Fri, 20 Dec 2019 23:47:07 +0100</pubDate>
    <lastBuildDate>Fri, 20 Dec 2019 23:47:07 +0100</lastBuildDate>
    <generator>Jekyll v4.0.0</generator>
    
  </channel>
</rss>
